<?xml version="1.0" encoding="utf-8"?>
<manifest xmlns:android="http://schemas.android.com/apk/res/android"
    package="com.example.gamemapper">

    <!-- Для доступа к функциям специальных возможностей -->
    <uses-permission android:name="android.permission.BIND_ACCESSIBILITY_SERVICE" />
    
    <!-- Для создания наложений на экране -->
    <uses-permission android:name="android.permission.SYSTEM_ALERT_WINDOW" />
    
    <!-- Для работы фонового сервиса -->
    <uses-permission android:name="android.permission.FOREGROUND_SERVICE" />
    
    <!-- Для записи звука -->
    <uses-permission android:name="android.permission.RECORD_AUDIO" />
    <uses-permission android:name="android.permission.WRITE_EXTERNAL_STORAGE" android:maxSdkVersion="29" />
    <uses-permission android:name="android.permission.READ_EXTERNAL_STORAGE" android:maxSdkVersion="29" />
    
    <!-- Указываем, что сенсорный экран не обязателен для работы приложения -->
    <uses-feature android:name="android.hardware.touchscreen" android:required="false" />
    
    <application
        android:allowBackup="true"
        android:icon="@mipmap/ic_launcher"
        android:label="@string/app_name"
        android:roundIcon="@mipmap/ic_launcher_round"
        android:supportsRtl="true"
        android:theme="@style/Theme.GameMapper">
        
        <activity
            android:name=".MainActivity"
            android:exported="true">
            <intent-filter>
                <action android:name="android.intent.action.MAIN" />
                <category android:name="android.intent.category.LAUNCHER" />
            </intent-filter>
        </activity>
        
        <!-- Сервис доступности для перехвата ввода клавиатуры/мыши -->
        <service
            android:name=".MappingService"
            android:permission="android.permission.BIND_ACCESSIBILITY_SERVICE"
            android:exported="false"
            android:foregroundServiceType="specialUse">
            <intent-filter>
                <action android:name="android.accessibilityservice.AccessibilityService" />
            </intent-filter>
            <meta-data
                android:name="android.accessibilityservice"
                android:resource="@xml/accessibility_service_config" />
        </service>
    </application>

</manifest>